Time,Resistance,Cycle
1.168807,1058.65,Pre-Cycling
2.324647,1058.69,Pre-Cycling
2.66073,1058.72,Pre-Cycling
2.997809,1058.83,Pre-Cycling
3.334889,1058.86,Pre-Cycling
3.670974,1058.87,Pre-Cycling
4.007052,1058.87,Pre-Cycling
4.350114,1058.94,Pre-Cycling
4.686199,1059.00,Pre-Cycling
5.023247,1059.10,Pre-Cycling
5.359329,1059.22,Pre-Cycling
5.69544,1059.20,Pre-Cycling
6.03249,1059.20,Pre-Cycling
6.369601,1059.17,Pre-Cycling
6.705679,1059.24,Pre-Cycling
7.042758,1059.30,Pre-Cycling
7.378842,1059.31,Pre-Cycling
7.71589,1059.40,Pre-Cycling
8.052999,1059.39,Pre-Cycling
8.390079,1059.46,Pre-Cycling
8.72613,1059.64,Pre-Cycling
9.062241,1059.75,Pre-Cycling
9.398323,1059.81,Pre-Cycling
9.734384,1059.93,Pre-Cycling
10.071486,1059.92,Pre-Cycling
10.408562,1059.84,Pre-Cycling
10.744645,1059.82,Pre-Cycling
11.080726,1059.87,Pre-Cycling
11.416809,1059.95,Pre-Cycling
11.75389,1060.09,Pre-Cycling
12.090966,1060.12,Pre-Cycling
12.427048,1060.26,Pre-Cycling
12.764126,1060.27,Pre-Cycling
13.100211,1060.19,Pre-Cycling
13.437287,1060.25,Pre-Cycling
13.773342,1060.38,Pre-Cycling
14.11045,1060.35,Pre-Cycling
14.44653,1060.30,Pre-Cycling
14.783609,1060.40,Pre-Cycling
15.119695,1060.45,Pre-Cycling
15.455773,1060.56,Pre-Cycling
15.791827,1060.69,Pre-Cycling
16.128921,1060.68,Pre-Cycling
16.465015,1060.81,Pre-Cycling
16.801097,1060.82,Pre-Cycling
17.137179,1060.85,Pre-Cycling
17.473261,1060.87,Pre-Cycling
17.81034,1060.94,Pre-Cycling
18.147418,1060.96,Pre-Cycling
18.484499,1061.02,Pre-Cycling
18.821577,1061.08,Pre-Cycling
19.158656,1061.25,Pre-Cycling
19.495735,1061.25,Pre-Cycling
19.832814,1061.36,Pre-Cycling
20.168896,1061.40,Pre-Cycling
20.505976,1061.39,Pre-Cycling
20.843054,1061.51,Pre-Cycling
21.180133,1061.46,Pre-Cycling
21.517212,1061.50,Pre-Cycling
21.853298,1061.53,Pre-Cycling
22.190373,1061.68,Pre-Cycling
22.527452,1061.62,Pre-Cycling
22.864531,1061.65,Pre-Cycling
23.200615,1061.73,Pre-Cycling
23.537693,1061.69,Pre-Cycling
23.874771,1061.69,Pre-Cycling
24.21185,1061.68,Pre-Cycling
24.547932,1061.78,Pre-Cycling
24.88501,1061.91,Pre-Cycling
25.222092,1061.99,Pre-Cycling
25.55917,1062.03,Pre-Cycling
25.896219,1062.05,Pre-Cycling
26.233299,1062.04,Pre-Cycling
26.569409,1062.18,Pre-Cycling
26.906489,1062.19,Pre-Cycling
27.243568,1062.19,Pre-Cycling
27.579646,1062.29,Pre-Cycling
27.916727,1062.27,Pre-Cycling
28.252813,1062.31,Pre-Cycling
28.58989,1062.35,Pre-Cycling
28.926964,1062.34,Pre-Cycling
29.263051,1062.40,Pre-Cycling
29.60013,1062.48,Pre-Cycling
29.937211,1062.55,Pre-Cycling
30.274287,1062.65,Pre-Cycling
30.611365,1062.64,Pre-Cycling
30.948445,1062.54,Pre-Cycling
31.285524,1062.51,Pre-Cycling
31.622603,1062.59,Pre-Cycling
31.959682,1062.69,Pre-Cycling
32.296761,1062.67,Pre-Cycling
32.633843,1062.82,Pre-Cycling
32.97092,1062.80,Pre-Cycling
33.307999,1062.74,Pre-Cycling
33.645078,1062.77,Pre-Cycling
33.982159,1062.82,Pre-Cycling
34.318243,1062.80,Pre-Cycling
34.655318,1062.83,Pre-Cycling
34.991399,1062.88,Pre-Cycling
35.328477,1062.86,Pre-Cycling
35.665561,1062.90,Pre-Cycling
36.002636,1062.84,Pre-Cycling
36.338719,1062.80,Pre-Cycling
36.675797,1062.89,Pre-Cycling
37.011884,1063.01,Pre-Cycling
37.347961,1063.03,Pre-Cycling
37.68504,1063.03,Pre-Cycling
38.022121,1063.09,Pre-Cycling
38.358173,1063.07,Pre-Cycling
38.69534,1063.11,Pre-Cycling
39.03239,1063.20,Pre-Cycling
39.36947,1063.25,Pre-Cycling
39.706549,1063.37,Pre-Cycling
40.043628,1063.39,Pre-Cycling
40.380706,1063.41,Pre-Cycling
40.717785,1063.34,Pre-Cycling
41.054865,1063.34,Pre-Cycling
41.391944,1063.34,Pre-Cycling
41.729023,1063.40,Pre-Cycling
42.066103,1063.39,Pre-Cycling
42.403211,1063.38,Pre-Cycling
42.74026,1063.44,Pre-Cycling
43.077339,1063.45,Pre-Cycling
43.413421,1063.45,Pre-Cycling
43.749503,1063.51,Pre-Cycling
44.085585,1063.55,Pre-Cycling
44.421696,1063.52,Pre-Cycling
44.758746,1063.53,Pre-Cycling
45.095825,1063.62,Pre-Cycling
45.432904,1063.67,Pre-Cycling
45.769983,1063.71,Pre-Cycling
46.106065,1063.79,Pre-Cycling
46.443143,1063.81,Pre-Cycling
46.779225,1063.76,Pre-Cycling
47.116305,1063.84,Pre-Cycling
47.453383,1063.78,Pre-Cycling
47.790491,1063.81,Pre-Cycling
48.127542,1063.81,Pre-Cycling
48.464651,1063.93,Pre-Cycling
48.800728,1063.99,Pre-Cycling
49.13781,1064.12,Pre-Cycling
49.474895,1064.17,Pre-Cycling
49.81194,1064.15,Pre-Cycling
50.149018,1064.11,Pre-Cycling
50.485101,1064.12,Pre-Cycling
50.82218,1064.12,Pre-Cycling
51.158262,1064.13,Pre-Cycling
51.495341,1064.12,Pre-Cycling
51.83242,1064.12,Pre-Cycling
52.169498,1064.13,Pre-Cycling
52.506577,1064.10,Pre-Cycling
52.843657,1064.08,Pre-Cycling
53.180736,1064.19,Pre-Cycling
53.517815,1064.22,Pre-Cycling
53.853897,1064.24,Pre-Cycling
54.190976,1064.32,Pre-Cycling
54.527086,1064.36,Pre-Cycling
54.863167,1064.39,Pre-Cycling
55.200248,1064.46,Pre-Cycling
55.537325,1064.45,Pre-Cycling
55.874377,1064.53,Pre-Cycling
56.211457,1064.51,Pre-Cycling
56.547537,1064.48,Pre-Cycling
56.884617,1064.48,Pre-Cycling
57.221695,1064.47,Pre-Cycling
57.558774,1064.58,Pre-Cycling
57.895854,1064.51,Pre-Cycling
58.232961,1064.54,Pre-Cycling
58.570012,1064.66,Pre-Cycling
58.907091,1064.76,Pre-Cycling
59.244198,1064.72,Pre-Cycling
59.580252,1064.77,Pre-Cycling
59.91733,1064.93,Pre-Cycling
60.253444,1064.98,Pre-Cycling
60.589522,1065.05,Pre-Cycling
60.925576,1064.99,Pre-Cycling
61.262683,1064.95,Pre-Cycling
61.599771,1064.97,Pre-Cycling
61.936823,1065.02,Pre-Cycling
62.273908,1065.01,Pre-Cycling
62.610992,1064.96,Pre-Cycling
62.948077,1065.08,Pre-Cycling
63.285161,1065.05,Pre-Cycling
63.622246,1064.97,Pre-Cycling
63.95933,1065.00,Pre-Cycling
64.295446,1064.99,Pre-Cycling
64.631504,1065.03,Pre-Cycling
64.968588,1065.13,Pre-Cycling
65.305701,1065.16,Pre-Cycling
65.642757,1065.24,Pre-Cycling
65.979842,1065.30,Pre-Cycling
66.316957,1065.22,Pre-Cycling
66.65401,1065.24,Pre-Cycling
66.991095,1065.24,Pre-Cycling
67.328178,1065.23,Pre-Cycling
67.665263,1065.32,Pre-Cycling
68.002347,1065.37,Pre-Cycling
68.339432,1065.41,Pre-Cycling
68.676516,1065.32,Pre-Cycling
69.012603,1065.25,Pre-Cycling
69.348745,1065.31,Pre-Cycling
69.685774,1065.48,Pre-Cycling
70.022859,1065.53,Pre-Cycling
70.359943,1065.52,Pre-Cycling
70.697028,1065.61,Pre-Cycling
71.034112,1065.63,Pre-Cycling
71.371196,1065.57,Pre-Cycling
71.707284,1065.54,Pre-Cycling
72.044397,1065.67,Pre-Cycling
72.380455,1065.77,Pre-Cycling
72.717539,1065.81,Pre-Cycling
73.054653,1065.78,Pre-Cycling
73.391708,1065.88,Pre-Cycling
73.728792,1065.84,Pre-Cycling
74.065877,1065.78,Pre-Cycling
74.402961,1065.71,Pre-Cycling
74.740074,1065.64,Pre-Cycling
75.076161,1065.73,Pre-Cycling
75.413217,1065.72,Pre-Cycling
75.750301,1065.73,Pre-Cycling
76.086388,1065.80,Pre-Cycling
76.423501,1065.86,Pre-Cycling
76.759588,1065.92,Pre-Cycling
77.096644,1065.89,Pre-Cycling
77.432731,1065.91,Pre-Cycling
77.769815,1065.82,Pre-Cycling
78.1069,1065.78,Pre-Cycling
78.443984,1065.82,Pre-Cycling
78.781069,1065.85,Pre-Cycling
79.118153,1065.92,Pre-Cycling
79.455237,1066.01,Pre-Cycling
79.792322,1066.11,Pre-Cycling
80.128438,1066.09,Pre-Cycling
80.465493,1066.01,Pre-Cycling
80.802577,1065.97,Pre-Cycling
81.139662,1066.06,Pre-Cycling
81.475749,1066.14,Pre-Cycling
81.812862,1066.24,Pre-Cycling
82.148949,1066.30,Pre-Cycling
82.485007,1066.29,Pre-Cycling
82.822123,1066.24,Pre-Cycling
83.15921,1066.33,Pre-Cycling
83.49626,1066.37,Pre-Cycling
83.833345,1066.30,Pre-Cycling
84.170429,1066.28,Pre-Cycling
84.507514,1066.35,Pre-Cycling
84.844627,1066.44,Pre-Cycling
85.181683,1066.36,Pre-Cycling
85.518766,1066.28,Pre-Cycling
85.85585,1066.42,Pre-Cycling
86.192964,1066.49,Pre-Cycling
86.53002,1066.52,Pre-Cycling
86.867104,1066.53,Pre-Cycling
87.204188,1066.47,Pre-Cycling
87.541273,1066.45,Pre-Cycling
87.87736,1066.48,Pre-Cycling
88.214444,1066.57,Pre-Cycling
88.551529,1066.54,Pre-Cycling
88.887647,1066.52,Pre-Cycling
89.223702,1066.49,Pre-Cycling
89.560787,1066.46,Pre-Cycling
89.897871,1066.43,Pre-Cycling
90.233972,1066.38,Pre-Cycling
90.571043,1066.37,Pre-Cycling
90.908156,1066.40,Pre-Cycling
91.245241,1066.47,Pre-Cycling
91.582324,1066.61,Pre-Cycling
91.919411,1066.61,Pre-Cycling
92.255467,1066.54,Pre-Cycling
92.592551,1066.57,Pre-Cycling
92.929636,1066.60,Pre-Cycling
93.26672,1066.67,Pre-Cycling
93.603805,1066.77,Pre-Cycling
93.940889,1066.81,Pre-Cycling
94.277974,1066.84,Pre-Cycling
94.615057,1066.84,Pre-Cycling
94.952142,1066.99,Pre-Cycling
95.289227,1067.07,Pre-Cycling
95.626311,1067.07,Pre-Cycling
95.963395,1067.09,Pre-Cycling
96.300479,1067.05,Pre-Cycling
96.637564,1067.07,Pre-Cycling
96.974648,1066.94,Pre-Cycling
97.311733,1066.94,Pre-Cycling
97.647851,1067.01,Pre-Cycling
97.984904,1067.11,Pre-Cycling
98.321988,1067.13,Pre-Cycling
98.659073,1067.16,Pre-Cycling
98.99516,1067.16,Pre-Cycling
99.332244,1067.27,Pre-Cycling
99.669329,1067.25,Pre-Cycling
100.006413,1067.21,Pre-Cycling
100.343497,1067.30,Pre-Cycling
100.680582,1067.29,Pre-Cycling
101.016697,1067.26,Pre-Cycling
101.353753,1067.33,Pre-Cycling
101.690837,1067.33,Pre-Cycling
102.027922,1067.38,Pre-Cycling
102.365005,1067.34,Pre-Cycling
102.701093,1067.28,Pre-Cycling
103.038207,1067.36,Pre-Cycling
103.374265,1067.49,Pre-Cycling
103.711349,1067.58,Pre-Cycling
104.048434,1067.58,Pre-Cycling
104.385518,1067.51,Pre-Cycling
104.722601,1067.43,Pre-Cycling
105.059686,1067.41,Pre-Cycling
105.39677,1067.48,Pre-Cycling
105.733855,1067.53,Pre-Cycling
106.070939,1067.53,Pre-Cycling
106.408024,1067.48,Pre-Cycling
106.745108,1067.44,Pre-Cycling
107.082192,1067.47,Pre-Cycling
107.419277,1067.52,Pre-Cycling
107.756361,1067.58,Pre-Cycling
108.093474,1067.59,Pre-Cycling
108.429564,1067.68,Pre-Cycling
108.766617,1067.69,Pre-Cycling
109.103702,1067.80,Pre-Cycling
109.440785,1067.79,Pre-Cycling
109.777902,1067.86,Pre-Cycling
110.114954,1067.86,Pre-Cycling
110.452038,1067.87,Pre-Cycling
110.789123,1068.04,Pre-Cycling
111.12521,1067.96,Pre-Cycling
111.461297,1067.98,Pre-Cycling
111.798381,1067.94,Pre-Cycling
112.135466,1068.06,Pre-Cycling
112.47255,1068.06,Pre-Cycling
112.809634,1068.04,Pre-Cycling
113.146745,1068.16,Pre-Cycling
113.482806,1068.28,Pre-Cycling
113.81989,1068.14,Pre-Cycling
114.155978,1068.18,Pre-Cycling
114.492065,1068.13,Pre-Cycling
114.82915,1068.21,Pre-Cycling
115.166233,1068.20,Pre-Cycling
115.503317,1068.16,Pre-Cycling
115.840402,1068.16,Pre-Cycling
116.176489,1068.23,Pre-Cycling
116.513574,1068.21,Pre-Cycling
116.850657,1068.31,Pre-Cycling
117.187742,1068.28,Pre-Cycling
117.524827,1068.28,Pre-Cycling
117.86191,1068.28,Pre-Cycling
118.198995,1068.45,Pre-Cycling
118.536079,1068.40,Pre-Cycling
118.873164,1068.40,Pre-Cycling
119.210248,1068.38,Pre-Cycling
119.547333,1068.42,Pre-Cycling
119.884417,1068.45,Pre-Cycling
120.220504,1068.38,Pre-Cycling
120.557588,1068.36,Pre-Cycling
120.894673,1068.34,Pre-Cycling
121.231757,1068.31,Pre-Cycling
121.568841,1068.34,Pre-Cycling
121.905926,1068.38,Pre-Cycling
122.243011,1068.44,Pre-Cycling
122.580094,1068.51,Pre-Cycling
122.917207,1068.54,Pre-Cycling
123.254263,1068.53,Pre-Cycling
123.591376,1068.59,Pre-Cycling
123.928463,1068.55,Pre-Cycling
124.265516,1068.66,Pre-Cycling
124.602601,1068.73,Pre-Cycling
124.939685,1068.75,Pre-Cycling
125.275772,1068.74,Pre-Cycling
125.612857,1068.74,Pre-Cycling
125.949972,1068.73,Pre-Cycling
126.287054,1068.68,Pre-Cycling
126.62411,1068.62,Pre-Cycling
126.961194,1068.66,Pre-Cycling
127.297281,1068.68,Pre-Cycling
127.634365,1068.88,Pre-Cycling
127.971449,1068.92,Pre-Cycling
128.308562,1068.86,Pre-Cycling
128.645618,1068.86,Pre-Cycling
128.982702,1068.79,Pre-Cycling
129.319787,1068.79,Pre-Cycling
129.656871,1068.87,Pre-Cycling
129.993956,1068.87,Pre-Cycling
130.33104,1069.01,Pre-Cycling
130.668124,1068.98,Pre-Cycling
131.005209,1069.01,Pre-Cycling
131.341296,1069.08,Pre-Cycling
131.67838,1069.09,Pre-Cycling
132.015465,1069.16,Pre-Cycling
132.352549,1069.16,Pre-Cycling
132.689633,1069.15,Pre-Cycling
133.026718,1069.13,Pre-Cycling
133.362805,1069.15,Pre-Cycling
133.698921,1069.24,Pre-Cycling
134.036004,1069.26,Pre-Cycling
134.37306,1069.29,Pre-Cycling
134.709148,1069.26,Pre-Cycling
135.045234,1069.26,Pre-Cycling
135.382319,1069.18,Pre-Cycling
135.719431,1069.12,Pre-Cycling
136.05549,1069.20,Pre-Cycling
136.391578,1069.25,Pre-Cycling
136.727665,1069.28,Pre-Cycling
137.064781,1069.27,Pre-Cycling
137.401865,1069.43,Pre-Cycling
137.737949,1069.31,Pre-Cycling
138.074036,1069.32,Pre-Cycling
138.410094,1069.29,Pre-Cycling
138.748177,1069.32,Pre-Cycling
139.084263,1069.33,Pre-Cycling
139.421347,1069.38,Pre-Cycling
139.758432,1069.33,Pre-Cycling
140.095516,1069.38,Pre-Cycling
140.432601,1069.39,Pre-Cycling
140.769695,1069.43,Pre-Cycling
141.106769,1069.43,Pre-Cycling
141.443853,1069.36,Pre-Cycling
141.780938,1069.36,Pre-Cycling
142.117025,1069.42,Pre-Cycling
142.45411,1069.41,Pre-Cycling
142.791223,1069.47,Pre-Cycling
143.128278,1069.47,Pre-Cycling
143.465363,1069.57,Pre-Cycling
143.802447,1069.61,Pre-Cycling
144.139531,1069.63,Pre-Cycling
144.476615,1069.56,Pre-Cycling
144.813733,1069.60,Pre-Cycling
145.150815,1069.73,Pre-Cycling
145.487869,1069.70,Pre-Cycling
145.824984,1069.76,Pre-Cycling
146.162037,1069.71,Pre-Cycling
146.499122,1069.73,Pre-Cycling
146.836205,1069.67,Pre-Cycling
147.17329,1069.61,Pre-Cycling
147.510375,1069.69,Pre-Cycling
147.847459,1069.73,Pre-Cycling
148.184543,1069.73,Pre-Cycling
148.521655,1069.78,Pre-Cycling
148.857714,1069.98,Pre-Cycling
149.194799,1070.03,Pre-Cycling
149.530886,1070.07,Pre-Cycling
149.86797,1070.07,Pre-Cycling
150.205055,1070.09,Pre-Cycling
150.542139,1070.09,Pre-Cycling
150.878252,1070.09,Pre-Cycling
151.215311,1070.01,Pre-Cycling
151.552395,1070.00,Pre-Cycling
151.88951,1069.98,Pre-Cycling
152.226564,1070.00,Pre-Cycling
152.563677,1070.00,Pre-Cycling
152.899765,1070.04,Pre-Cycling
153.236819,1070.09,Pre-Cycling
153.573904,1070.14,Pre-Cycling
153.909991,1070.08,Pre-Cycling
154.247075,1070.10,Pre-Cycling
154.58416,1070.16,Pre-Cycling
154.921244,1070.22,Pre-Cycling
155.258329,1070.21,Pre-Cycling
155.595413,1070.22,Pre-Cycling
155.932497,1070.21,Pre-Cycling
156.269581,1070.26,Pre-Cycling
156.606666,1070.31,Pre-Cycling
156.94375,1070.25,Pre-Cycling
157.280834,1070.36,Pre-Cycling
157.617919,1070.36,Pre-Cycling
157.955032,1070.27,Pre-Cycling
158.292087,1070.24,Pre-Cycling
158.629202,1070.30,Pre-Cycling
158.966285,1070.45,Pre-Cycling
159.303341,1070.37,Pre-Cycling
159.640425,1070.35,Pre-Cycling
159.977509,1070.37,Pre-Cycling
160.314594,1070.50,Pre-Cycling
160.651679,1070.60,Pre-Cycling
160.988762,1070.62,Pre-Cycling
161.325847,1070.56,Pre-Cycling
161.662931,1070.47,Pre-Cycling
162.000015,1070.50,Pre-Cycling
162.3371,1070.51,Pre-Cycling
162.674184,1070.56,Pre-Cycling
163.011269,1070.64,Pre-Cycling
163.348353,1070.66,Pre-Cycling
163.685472,1070.66,Pre-Cycling
164.022553,1070.68,Pre-Cycling
164.359635,1070.69,Pre-Cycling
164.695693,1070.79,Pre-Cycling
165.032778,1070.68,Pre-Cycling
165.368865,1070.70,Pre-Cycling
165.705954,1070.69,Pre-Cycling
166.042064,1070.70,Pre-Cycling
166.378151,1070.68,Pre-Cycling
166.715237,1070.69,Pre-Cycling
167.051294,1070.69,Pre-Cycling
167.388378,1070.72,Pre-Cycling
167.724466,1070.73,Pre-Cycling
168.06155,1070.74,Pre-Cycling
168.398634,1070.83,Pre-Cycling
168.735748,1070.99,Pre-Cycling
169.072803,1070.93,Pre-Cycling
169.409887,1070.96,Pre-Cycling
169.746972,1070.90,Pre-Cycling
170.084085,1070.92,Pre-Cycling
170.421141,1070.93,Pre-Cycling
170.758225,1070.93,Pre-Cycling
171.09531,1070.97,Pre-Cycling
171.431397,1070.89,Pre-Cycling
171.768481,1070.98,Pre-Cycling
172.105565,1070.94,Pre-Cycling
172.442649,1071.02,Pre-Cycling
172.779767,1071.05,Pre-Cycling
173.115821,1071.16,Pre-Cycling
173.452906,1071.04,Pre-Cycling
173.788993,1071.02,Pre-Cycling
174.126077,1071.05,Pre-Cycling
174.46319,1071.07,Pre-Cycling
174.800274,1071.17,Pre-Cycling
175.13733,1071.11,Pre-Cycling
175.474414,1071.21,Pre-Cycling
175.811498,1071.17,Pre-Cycling
176.148583,1071.21,Pre-Cycling
176.484698,1071.20,Pre-Cycling
176.821754,1071.23,Pre-Cycling
177.158838,1071.31,Pre-Cycling
177.495923,1071.31,Pre-Cycling
177.83201,1071.32,Pre-Cycling
178.169095,1071.35,Pre-Cycling
178.506179,1071.30,Pre-Cycling
178.843297,1071.30,Pre-Cycling
179.180347,1071.35,Pre-Cycling
179.517432,1071.39,Pre-Cycling
179.853519,1071.44,Pre-Cycling
180.190632,1071.48,Pre-Cycling
180.527716,1071.41,Pre-Cycling
180.864801,1071.45,Pre-Cycling
181.201856,1071.41,Pre-Cycling
181.537943,1071.43,Pre-Cycling
181.875028,1071.51,Pre-Cycling
182.211114,1071.55,Pre-Cycling
182.548199,1071.46,Pre-Cycling
182.885283,1071.38,Pre-Cycling
183.222368,1071.44,Pre-Cycling
183.559453,1071.52,Pre-Cycling
183.896537,1071.61,Pre-Cycling
184.233621,1071.56,Pre-Cycling
184.570705,1071.56,Pre-Cycling
184.90779,1071.61,Pre-Cycling
185.244874,1071.65,Pre-Cycling
185.581958,1071.71,Pre-Cycling
185.919043,1071.71,Pre-Cycling
186.256127,1071.76,Pre-Cycling
186.593211,1071.79,Pre-Cycling
186.930296,1071.79,Pre-Cycling
187.266411,1071.77,Pre-Cycling
187.603469,1071.80,Pre-Cycling
187.940551,1071.80,Pre-Cycling
188.277665,1071.81,Pre-Cycling
188.613723,1071.81,Pre-Cycling
188.950807,1071.80,Pre-Cycling
189.287892,1071.80,Pre-Cycling
189.623979,1071.84,Pre-Cycling
189.960065,1071.93,Pre-Cycling
190.297179,1071.89,Pre-Cycling
190.633237,1071.85,Pre-Cycling
190.970322,1071.79,Pre-Cycling
191.307405,1071.71,Pre-Cycling
191.644516,1071.76,Pre-Cycling
191.981604,1071.81,Pre-Cycling
192.318696,1071.91,Pre-Cycling
192.655743,1071.94,Pre-Cycling
192.992856,1071.98,Pre-Cycling
193.329941,1071.91,Pre-Cycling
193.666996,1071.88,Pre-Cycling
194.003084,1071.91,Pre-Cycling
194.340168,1072.06,Pre-Cycling
194.677252,1072.03,Pre-Cycling
195.014366,1071.99,Pre-Cycling
195.351446,1072.04,Pre-Cycling
195.688536,1072.15,Pre-Cycling
196.024621,1072.15,Pre-Cycling
196.361677,1072.17,Pre-Cycling
196.698761,1072.10,Pre-Cycling
197.035875,1072.16,Pre-Cycling
197.371963,1072.19,Pre-Cycling
197.709017,1072.18,Pre-Cycling
198.04613,1072.13,Pre-Cycling
198.383185,1072.17,Pre-Cycling
198.72027,1072.10,Pre-Cycling
199.056386,1072.17,Pre-Cycling
199.393442,1072.13,Pre-Cycling
199.730555,1072.13,Pre-Cycling
200.06761,1072.20,Pre-Cycling
200.404695,1072.23,Pre-Cycling
200.741778,1072.31,Pre-Cycling
201.078863,1072.32,Pre-Cycling
201.415947,1072.36,Pre-Cycling
201.75306,1072.35,Pre-Cycling
202.090116,1072.35,Pre-Cycling
202.426203,1072.31,Pre-Cycling
202.76229,1072.24,Pre-Cycling
203.099374,1072.24,Pre-Cycling
203.435462,1072.24,Pre-Cycling
203.772546,1072.36,Pre-Cycling
204.109633,1072.39,Pre-Cycling
204.446743,1072.42,Pre-Cycling
204.783799,1072.48,Pre-Cycling
205.120883,1072.51,Pre-Cycling
205.456999,1072.58,Pre-Cycling
205.794055,1072.55,Pre-Cycling
206.131139,1072.53,Pre-Cycling
206.468223,1072.56,Pre-Cycling
206.80431,1072.60,Pre-Cycling
207.141395,1072.70,Pre-Cycling
207.478481,1072.71,Pre-Cycling
207.815564,1072.67,Pre-Cycling
208.152648,1072.71,Pre-Cycling
208.489733,1072.79,Pre-Cycling
208.826847,1072.86,Pre-Cycling
209.163901,1072.79,Pre-Cycling
209.500986,1072.81,Pre-Cycling
209.838069,1072.96,Pre-Cycling
210.174157,1072.82,Pre-Cycling
210.51127,1072.83,Pre-Cycling
210.848326,1072.90,Pre-Cycling
211.18541,1072.89,Pre-Cycling
211.522494,1072.86,Pre-Cycling
211.859609,1072.92,Pre-Cycling
212.196663,1072.86,Pre-Cycling
212.53275,1072.85,Pre-Cycling
212.868837,1072.96,Pre-Cycling
213.20595,1072.97,Pre-Cycling
213.543005,1072.99,Pre-Cycling
213.88009,1072.96,Pre-Cycling
214.217175,1073.03,Pre-Cycling
214.554259,1072.98,Pre-Cycling
214.891343,1073.05,Pre-Cycling
215.228456,1073.03,Pre-Cycling
215.565512,1072.97,Pre-Cycling
215.902597,1072.94,Pre-Cycling
216.239681,1073.03,Pre-Cycling
216.576766,1073.20,Pre-Cycling
216.913849,1073.10,Pre-Cycling
217.250934,1073.07,Pre-Cycling
217.588047,1073.14,Pre-Cycling
217.925102,1073.12,Pre-Cycling
218.262187,1073.20,Pre-Cycling
218.599271,1073.13,Pre-Cycling
218.936356,1073.09,Pre-Cycling
219.273469,1073.09,Pre-Cycling
219.609527,1073.08,Pre-Cycling
219.946611,1073.16,Pre-Cycling
220.283696,1073.12,Pre-Cycling
220.62078,1073.18,Pre-Cycling
220.957891,1073.20,Pre-Cycling
221.294978,1073.20,Pre-Cycling
221.632062,1073.09,Pre-Cycling
221.969118,1073.10,Pre-Cycling
222.306201,1073.06,Pre-Cycling
222.643286,1073.14,Pre-Cycling
222.980371,1073.09,Pre-Cycling
223.317455,1073.13,Pre-Cycling
223.654539,1073.29,Pre-Cycling
223.991624,1073.29,Pre-Cycling
224.328746,1073.31,Pre-Cycling
224.664795,1073.25,Pre-Cycling
225.001879,1073.18,Pre-Cycling
225.338993,1073.24,Pre-Cycling
225.676048,1073.26,Pre-Cycling
226.01216,1073.39,Pre-Cycling
226.34922,1073.51,Pre-Cycling
226.686332,1073.44,Pre-Cycling
227.023388,1073.39,Pre-Cycling
227.360502,1073.36,Pre-Cycling
227.697557,1073.31,Pre-Cycling
228.033644,1073.41,Pre-Cycling
228.370729,1073.47,Pre-Cycling
228.707813,1073.47,Pre-Cycling
229.044897,1073.38,Pre-Cycling
229.381981,1073.48,Pre-Cycling
229.719066,1073.48,Pre-Cycling
230.05615,1073.45,Pre-Cycling
230.393234,1073.46,Pre-Cycling
230.730319,1073.45,Pre-Cycling
231.067404,1073.52,Pre-Cycling
231.404519,1073.59,Pre-Cycling
231.741572,1073.55,Pre-Cycling
232.078685,1073.59,Pre-Cycling
232.415766,1073.55,Pre-Cycling
232.752825,1073.56,Pre-Cycling
233.08991,1073.50,Pre-Cycling
233.427022,1073.48,Pre-Cycling
233.764106,1073.52,Pre-Cycling
234.100165,1073.61,Pre-Cycling
234.43725,1073.56,Pre-Cycling
234.774333,1073.65,Pre-Cycling
235.11045,1073.65,Pre-Cycling
235.447535,1073.65,Pre-Cycling
235.783593,1073.66,Pre-Cycling
236.120677,1073.62,Pre-Cycling
236.457761,1073.62,Pre-Cycling
236.794846,1073.59,Pre-Cycling
237.13196,1073.69,Pre-Cycling
237.469042,1073.62,Pre-Cycling
237.80513,1073.56,Pre-Cycling
238.141189,1073.65,Pre-Cycling
238.478273,1073.65,Pre-Cycling
238.815357,1073.67,Pre-Cycling
239.152442,1073.68,Pre-Cycling
239.489554,1073.62,Pre-Cycling
239.825642,1073.68,Pre-Cycling
240.162697,1073.76,Pre-Cycling
240.499782,1073.75,Pre-Cycling
240.836865,1073.73,Pre-Cycling
241.17395,1073.82,Pre-Cycling
241.511034,1073.89,Pre-Cycling
241.848119,1073.84,Pre-Cycling
242.185203,1073.90,Pre-Cycling
242.522288,1073.96,Pre-Cycling
242.859372,1073.96,Pre-Cycling
243.196485,1074.03,Pre-Cycling
243.533541,1073.92,Pre-Cycling
243.870625,1073.85,Pre-Cycling
244.20771,1073.92,Pre-Cycling
244.544794,1073.90,Pre-Cycling
244.881878,1073.97,Pre-Cycling
245.217966,1073.93,Pre-Cycling
245.555049,1074.00,Pre-Cycling
245.891137,1074.07,Pre-Cycling
246.22825,1074.14,Pre-Cycling
246.565306,1074.16,Pre-Cycling
246.902418,1074.15,Pre-Cycling
247.239474,1074.12,Pre-Cycling
247.57559,1074.07,Pre-Cycling
247.912645,1074.08,Pre-Cycling
248.24973,1073.98,Pre-Cycling
248.586814,1074.05,Pre-Cycling
248.923898,1074.07,Pre-Cycling
249.259985,1074.12,Pre-Cycling
249.59707,1074.11,Pre-Cycling
249.933157,1074.04,Pre-Cycling
250.270242,1074.11,Pre-Cycling
250.607326,1074.21,Pre-Cycling
250.94441,1074.25,Pre-Cycling
251.280497,1074.27,Pre-Cycling
251.617581,1074.30,Pre-Cycling
251.954666,1074.28,Pre-Cycling
252.29175,1074.30,Pre-Cycling
252.628834,1074.25,Pre-Cycling
252.965948,1074.33,Pre-Cycling
253.303003,1074.36,Pre-Cycling
253.640088,1074.28,Pre-Cycling
253.977202,1074.32,Pre-Cycling
254.314257,1074.33,Pre-Cycling
254.651341,1074.36,Pre-Cycling
254.988461,1074.54,Pre-Cycling
255.325538,1074.45,Pre-Cycling
255.662623,1074.48,Pre-Cycling
255.998681,1074.47,Pre-Cycling
256.335765,1074.41,Pre-Cycling
256.67285,1074.36,Pre-Cycling
257.009936,1074.44,Pre-Cycling
257.346022,1074.46,Pre-Cycling
257.682137,1074.50,Pre-Cycling
258.019193,1074.58,Pre-Cycling
258.355279,1074.54,Pre-Cycling
258.692364,1074.61,Pre-Cycling
259.029448,1074.71,Pre-Cycling
259.365536,1074.70,Pre-Cycling
259.70262,1074.72,Pre-Cycling
260.039704,1074.81,Pre-Cycling
260.376788,1074.80,Pre-Cycling
260.713873,1074.85,Pre-Cycling
261.04996,1074.75,Pre-Cycling
261.387044,1074.79,Pre-Cycling
261.724129,1074.74,Pre-Cycling
262.061213,1074.70,Pre-Cycling
262.398297,1074.72,Pre-Cycling
262.734413,1074.76,Pre-Cycling
263.071469,1074.80,Pre-Cycling
263.407556,1074.81,Pre-Cycling
263.744668,1074.77,Pre-Cycling
264.081725,1074.77,Pre-Cycling
264.418809,1074.77,Pre-Cycling
264.755893,1074.74,Pre-Cycling
265.093007,1074.73,Pre-Cycling
265.430061,1074.72,Pre-Cycling
265.76615,1074.83,Pre-Cycling
266.102236,1074.77,Pre-Cycling
266.43932,1074.78,Pre-Cycling
266.776405,1074.78,Pre-Cycling
267.113489,1074.84,Pre-Cycling
267.450604,1074.87,Pre-Cycling
267.78666,1074.99,Pre-Cycling
268.123745,1075.05,Pre-Cycling
268.460829,1074.98,Pre-Cycling
268.797914,1074.96,Pre-Cycling
269.134029,1074.97,Pre-Cycling
269.471085,1075.00,Pre-Cycling
269.808218,1074.98,Pre-Cycling
270.144257,1074.96,Pre-Cycling
270.481341,1075.03,Pre-Cycling
270.818425,1075.07,Pre-Cycling
271.155509,1075.18,Pre-Cycling
271.492594,1075.22,Pre-Cycling
271.829679,1075.24,Pre-Cycling
272.166762,1075.14,Pre-Cycling
272.502878,1075.07,Pre-Cycling
272.839933,1075.20,Pre-Cycling
273.177018,1075.19,Pre-Cycling
273.514102,1075.25,Pre-Cycling
273.851216,1075.13,Pre-Cycling
274.188271,1075.17,Pre-Cycling
274.525356,1075.20,Pre-Cycling
274.861443,1075.25,Pre-Cycling
275.198556,1075.17,Pre-Cycling
275.535611,1075.15,Pre-Cycling
275.872725,1075.24,Pre-Cycling
276.20978,1075.21,Pre-Cycling
276.546865,1075.13,Pre-Cycling
276.883949,1075.06,Pre-Cycling
277.220036,1075.06,Pre-Cycling
277.55712,1074.99,Pre-Cycling
277.894205,1074.97,Pre-Cycling
278.231289,1074.98,Pre-Cycling
278.568374,1074.98,Pre-Cycling
278.905458,1075.18,Pre-Cycling
279.242542,1075.14,Pre-Cycling
279.579627,1075.22,Pre-Cycling
279.916711,1075.29,Pre-Cycling
280.253824,1075.37,Pre-Cycling
280.590879,1075.38,Pre-Cycling
280.927964,1075.34,Pre-Cycling
281.265048,1075.31,Pre-Cycling
281.602133,1075.32,Pre-Cycling
281.939218,1075.34,Pre-Cycling
282.276301,1075.32,Pre-Cycling
282.613386,1075.36,Pre-Cycling
282.949501,1075.37,Pre-Cycling
283.286585,1075.38,Pre-Cycling
283.623641,1075.55,Pre-Cycling
283.960726,1075.49,Pre-Cycling
284.297811,1075.55,Pre-Cycling
284.634894,1075.44,Pre-Cycling
284.971979,1075.37,Pre-Cycling
285.309092,1075.37,Pre-Cycling
285.646147,1075.44,Pre-Cycling
285.983232,1075.36,Pre-Cycling
286.320345,1075.36,Pre-Cycling
286.659395,1075.30,Pre-Cycling
286.995511,1075.29,Pre-Cycling
287.332566,1075.28,Pre-Cycling
287.669679,1075.32,Pre-Cycling
288.006735,1075.44,Pre-Cycling
288.34385,1075.52,Pre-Cycling
288.680933,1075.56,Pre-Cycling
289.017989,1075.59,Pre-Cycling
289.355073,1075.60,Pre-Cycling
289.692188,1075.60,Pre-Cycling
290.029242,1075.56,Pre-Cycling
290.366325,1075.58,Pre-Cycling
290.703439,1075.58,Pre-Cycling
291.039542,1075.64,Pre-Cycling
291.376582,1075.63,Pre-Cycling
291.713695,1075.63,Pre-Cycling
292.05075,1075.66,Pre-Cycling
292.387835,1075.65,Pre-Cycling
292.724919,1075.65,Pre-Cycling
293.061006,1075.60,Pre-Cycling
293.39812,1075.62,Pre-Cycling
293.735175,1075.65,Pre-Cycling
294.072259,1075.65,Pre-Cycling
294.409343,1075.68,Pre-Cycling
294.746428,1075.75,Pre-Cycling
295.082515,1075.75,Pre-Cycling
295.419599,1075.88,Pre-Cycling
295.755686,1075.98,Pre-Cycling
296.092771,1075.98,Pre-Cycling
296.429884,1076.04,Pre-Cycling
296.766969,1076.05,Pre-Cycling
297.103052,1076.02,Pre-Cycling
297.440111,1075.95,Pre-Cycling
297.777195,1075.98,Pre-Cycling
298.11428,1076.01,Pre-Cycling
298.450366,1076.01,Pre-Cycling
298.787451,1076.05,Pre-Cycling
299.124535,1076.02,Pre-Cycling
299.46162,1076.03,Pre-Cycling
299.798704,1075.99,Pre-Cycling
300.135788,1076.06,Pre-Cycling
305.16413,1066.30,ON (Cycling)
305.499219,1066.09,ON (Cycling)
305.836304,1065.89,ON (Cycling)
306.173388,1065.66,ON (Cycling)
306.510473,1065.59,ON (Cycling)
306.847557,1065.53,ON (Cycling)
307.184641,1065.43,ON (Cycling)
307.520753,1065.37,ON (Cycling)
307.857813,1065.35,ON (Cycling)
308.194897,1065.25,ON (Cycling)
308.530984,1065.15,ON (Cycling)
308.868068,1065.03,ON (Cycling)
309.204186,1064.93,ON (Cycling)
309.541269,1064.88,ON (Cycling)
309.878324,1064.81,ON (Cycling)
310.215437,1064.75,ON (Cycling)
310.552493,1064.70,ON (Cycling)
310.889577,1064.68,ON (Cycling)
311.226662,1064.54,ON (Cycling)
311.563745,1064.52,ON (Cycling)
311.90083,1064.41,ON (Cycling)
312.237943,1064.42,ON (Cycling)
312.575027,1064.29,ON (Cycling)
312.911117,1064.32,ON (Cycling)
313.247203,1064.14,ON (Cycling)
313.58326,1064.16,ON (Cycling)
313.920345,1064.07,ON (Cycling)
314.257429,1063.99,ON (Cycling)
314.594513,1063.94,ON (Cycling)
314.931598,1063.78,ON (Cycling)
315.267685,1063.70,ON (Cycling)
315.604769,1063.71,ON (Cycling)
315.941854,1063.77,ON (Cycling)
316.278937,1063.66,ON (Cycling)
316.616022,1063.57,ON (Cycling)
316.952109,1063.45,ON (Cycling)
317.289219,1063.45,ON (Cycling)
317.626307,1063.39,ON (Cycling)
317.963362,1063.40,ON (Cycling)
318.300447,1063.36,ON (Cycling)
318.637531,1063.27,ON (Cycling)
318.974615,1063.08,ON (Cycling)
319.3117,1063.02,ON (Cycling)
319.648784,1062.92,ON (Cycling)
319.985868,1062.94,ON (Cycling)
320.321986,1062.93,ON (Cycling)
320.65904,1062.90,ON (Cycling)
320.996124,1062.78,ON (Cycling)
321.333209,1062.83,ON (Cycling)
321.670293,1062.67,ON (Cycling)
322.007377,1062.61,ON (Cycling)
322.344462,1062.61,ON (Cycling)
322.681546,1062.60,ON (Cycling)
323.017662,1062.57,ON (Cycling)
323.35372,1062.44,ON (Cycling)
323.690804,1062.36,ON (Cycling)
324.027889,1062.31,ON (Cycling)
324.364973,1062.16,ON (Cycling)
324.702057,1062.08,ON (Cycling)
325.039142,1061.98,ON (Cycling)
325.375258,1061.97,ON (Cycling)
325.712313,1061.96,ON (Cycling)
326.049397,1061.92,ON (Cycling)
326.386482,1061.81,ON (Cycling)
326.723567,1061.87,ON (Cycling)
327.060651,1061.83,ON (Cycling)
327.39776,1061.76,ON (Cycling)
327.734847,1061.73,ON (Cycling)
328.070934,1061.60,ON (Cycling)
328.407991,1061.57,ON (Cycling)
328.744078,1061.55,ON (Cycling)
329.081162,1061.43,ON (Cycling)
329.418272,1061.48,ON (Cycling)
329.754333,1061.40,ON (Cycling)
330.091418,1061.29,ON (Cycling)
330.428503,1061.20,ON (Cycling)
330.765586,1061.16,ON (Cycling)
331.102671,1061.17,ON (Cycling)
331.439755,1061.04,ON (Cycling)
331.77684,1061.10,ON (Cycling)
332.113953,1061.00,ON (Cycling)
332.451009,1060.97,ON (Cycling)
332.788093,1060.93,ON (Cycling)
333.125177,1060.80,ON (Cycling)
333.462262,1060.74,ON (Cycling)
333.799345,1060.69,ON (Cycling)
334.135461,1060.69,ON (Cycling)
334.472517,1060.68,ON (Cycling)
334.808633,1060.61,ON (Cycling)
335.145689,1060.56,ON (Cycling)
335.482773,1060.48,ON (Cycling)
335.819858,1060.49,ON (Cycling)
336.155945,1060.41,ON (Cycling)
336.493029,1060.39,ON (Cycling)
336.830113,1060.33,ON (Cycling)
337.167198,1060.41,ON (Cycling)
337.504282,1060.43,ON (Cycling)
337.841366,1060.43,ON (Cycling)
338.178479,1060.42,ON (Cycling)
338.515535,1060.38,ON (Cycling)
338.852619,1060.34,ON (Cycling)
339.189735,1060.24,ON (Cycling)
339.526819,1060.22,ON (Cycling)
339.862903,1060.09,ON (Cycling)
340.199985,1059.99,ON (Cycling)
340.537044,1059.98,ON (Cycling)
340.873131,1059.86,ON (Cycling)
341.210243,1059.85,ON (Cycling)
341.547329,1059.83,ON (Cycling)
341.883386,1059.79,ON (Cycling)
342.220497,1059.75,ON (Cycling)
342.557555,1059.74,ON (Cycling)
342.894668,1059.72,ON (Cycling)
343.231724,1059.73,ON (Cycling)
343.568809,1059.71,ON (Cycling)
343.904895,1059.69,ON (Cycling)
344.24198,1059.61,ON (Cycling)
344.579064,1059.56,ON (Cycling)
344.916149,1059.54,ON (Cycling)
345.253233,1059.57,ON (Cycling)
345.58932,1059.57,ON (Cycling)
345.926404,1059.45,ON (Cycling)
346.263517,1059.43,ON (Cycling)
346.600573,1059.43,ON (Cycling)
346.937657,1059.28,ON (Cycling)
347.274742,1059.23,ON (Cycling)
347.611826,1059.29,ON (Cycling)
347.948935,1059.29,ON (Cycling)
348.286023,1059.16,ON (Cycling)
348.622113,1059.23,ON (Cycling)
348.959197,1059.20,ON (Cycling)
349.296279,1059.25,ON (Cycling)
349.633335,1059.18,ON (Cycling)
349.970419,1059.11,ON (Cycling)
350.307536,1059.19,ON (Cycling)
350.644617,1059.09,ON (Cycling)
350.981673,1059.03,ON (Cycling)
351.318757,1058.97,ON (Cycling)
351.655841,1058.99,ON (Cycling)
351.992955,1059.00,ON (Cycling)
352.329013,1059.00,ON (Cycling)
352.666126,1059.00,ON (Cycling)
353.00221,1058.92,ON (Cycling)
353.338297,1058.88,ON (Cycling)
353.67538,1058.92,ON (Cycling)
354.011471,1058.95,ON (Cycling)
354.347529,1058.87,ON (Cycling)
354.684614,1058.87,ON (Cycling)
355.021698,1058.83,ON (Cycling)
355.358782,1058.85,ON (Cycling)
355.69487,1058.80,ON (Cycling)
356.031954,1058.68,ON (Cycling)
356.369039,1058.70,ON (Cycling)
356.706122,1058.62,ON (Cycling)
357.043207,1058.54,ON (Cycling)
357.380291,1058.48,ON (Cycling)
357.717376,1058.45,ON (Cycling)
358.05446,1058.52,ON (Cycling)
358.391545,1058.49,ON (Cycling)
358.728629,1058.52,ON (Cycling)
359.065713,1058.49,ON (Cycling)
359.402798,1058.52,ON (Cycling)
359.739882,1058.46,ON (Cycling)
360.076966,1058.46,ON (Cycling)
360.414051,1058.46,ON (Cycling)
360.751135,1058.45,ON (Cycling)
361.088219,1058.44,ON (Cycling)
361.425305,1058.46,ON (Cycling)
361.761396,1058.37,ON (Cycling)
362.098513,1058.30,ON (Cycling)
362.435573,1058.35,ON (Cycling)
362.772661,1058.33,ON (Cycling)
363.108751,1058.30,ON (Cycling)
363.444842,1058.26,ON (Cycling)
363.78193,1058.26,ON (Cycling)
364.11905,1058.25,ON (Cycling)
367.969602,1057.91,OFF (Cycling)
368.304695,1058.02,OFF (Cycling)
368.641783,1058.08,OFF (Cycling)
368.9789,1058.35,OFF (Cycling)
369.315959,1058.63,OFF (Cycling)
369.653047,1058.68,OFF (Cycling)
369.990136,1058.75,OFF (Cycling)
370.326226,1058.92,OFF (Cycling)
370.663314,1059.02,OFF (Cycling)
371.000431,1059.18,OFF (Cycling)
371.337491,1059.32,OFF (Cycling)
371.674578,1059.39,OFF (Cycling)
372.011695,1059.57,OFF (Cycling)
372.348755,1059.85,OFF (Cycling)
372.685843,1060.00,OFF (Cycling)
373.022962,1060.17,OFF (Cycling)
373.360019,1060.30,OFF (Cycling)
373.697137,1060.41,OFF (Cycling)
374.034195,1060.56,OFF (Cycling)
374.371283,1060.80,OFF (Cycling)
374.708372,1060.93,OFF (Cycling)
375.04546,1061.09,OFF (Cycling)
375.382548,1061.27,OFF (Cycling)
375.719636,1061.56,OFF (Cycling)
376.056724,1061.76,OFF (Cycling)
376.392815,1061.90,OFF (Cycling)
376.729903,1061.98,OFF (Cycling)
377.06702,1062.10,OFF (Cycling)
377.404079,1062.27,OFF (Cycling)
377.741167,1062.41,OFF (Cycling)
378.078255,1062.53,OFF (Cycling)
378.415344,1062.59,OFF (Cycling)
378.752462,1062.75,OFF (Cycling)
379.089519,1062.88,OFF (Cycling)
379.426607,1062.99,OFF (Cycling)
379.763696,1063.11,OFF (Cycling)
380.100784,1063.18,OFF (Cycling)
380.437872,1063.35,OFF (Cycling)
380.77496,1063.59,OFF (Cycling)
381.112048,1063.67,OFF (Cycling)
381.449136,1063.83,OFF (Cycling)
381.786224,1063.92,OFF (Cycling)
382.123313,1064.06,OFF (Cycling)
382.460401,1064.16,OFF (Cycling)
382.796523,1064.31,OFF (Cycling)
383.132582,1064.34,OFF (Cycling)
383.468673,1064.43,OFF (Cycling)
383.805761,1064.57,OFF (Cycling)
384.142849,1064.67,OFF (Cycling)
384.479938,1064.74,OFF (Cycling)
384.817026,1064.86,OFF (Cycling)
385.154114,1065.00,OFF (Cycling)
385.491201,1065.14,OFF (Cycling)
385.82829,1065.18,OFF (Cycling)
386.165378,1065.22,OFF (Cycling)
386.502466,1065.26,OFF (Cycling)
386.839553,1065.37,OFF (Cycling)
387.176671,1065.43,OFF (Cycling)
387.513759,1065.53,OFF (Cycling)
387.849821,1065.68,OFF (Cycling)
388.186938,1065.72,OFF (Cycling)
388.523998,1065.70,OFF (Cycling)
388.861085,1065.87,OFF (Cycling)
389.198174,1065.85,OFF (Cycling)
389.535292,1066.12,OFF (Cycling)
389.871352,1066.10,OFF (Cycling)
390.20844,1066.16,OFF (Cycling)
390.545529,1066.23,OFF (Cycling)
390.882617,1066.32,OFF (Cycling)
391.219734,1066.36,OFF (Cycling)
391.556793,1066.42,OFF (Cycling)
391.893881,1066.56,OFF (Cycling)
392.230969,1066.74,OFF (Cycling)
392.568057,1066.85,OFF (Cycling)
392.905145,1066.93,OFF (Cycling)
393.242261,1066.98,OFF (Cycling)
393.579321,1067.02,OFF (Cycling)
393.915438,1067.08,OFF (Cycling)
394.2525,1067.08,OFF (Cycling)
394.589588,1067.21,OFF (Cycling)
394.926676,1067.25,OFF (Cycling)
395.263764,1067.23,OFF (Cycling)
395.600853,1067.40,OFF (Cycling)
395.936943,1067.57,OFF (Cycling)
396.274031,1067.62,OFF (Cycling)
396.610151,1067.83,OFF (Cycling)
396.947244,1067.75,OFF (Cycling)
397.283301,1067.82,OFF (Cycling)
397.620389,1067.81,OFF (Cycling)
397.957506,1067.79,OFF (Cycling)
398.293568,1067.83,OFF (Cycling)
398.630656,1067.87,OFF (Cycling)
398.967773,1067.96,OFF (Cycling)
399.304861,1068.05,OFF (Cycling)
399.641949,1068.08,OFF (Cycling)
399.979009,1068.19,OFF (Cycling)
400.316097,1068.27,OFF (Cycling)
400.653185,1068.26,OFF (Cycling)
400.990273,1068.20,OFF (Cycling)
401.327361,1068.38,OFF (Cycling)
401.664449,1068.40,OFF (Cycling)
402.001566,1068.46,OFF (Cycling)
402.337628,1068.55,OFF (Cycling)
402.674716,1068.67,OFF (Cycling)
403.011804,1068.66,OFF (Cycling)
403.347895,1068.84,OFF (Cycling)
403.683986,1068.88,OFF (Cycling)
404.021074,1068.83,OFF (Cycling)
404.358161,1069.01,OFF (Cycling)
404.695251,1069.09,OFF (Cycling)
405.032338,1069.24,OFF (Cycling)
405.369426,1069.17,OFF (Cycling)
405.706543,1069.18,OFF (Cycling)
406.043602,1069.31,OFF (Cycling)
406.380691,1069.34,OFF (Cycling)
406.716782,1069.40,OFF (Cycling)
407.053895,1069.38,OFF (Cycling)
407.390957,1069.41,OFF (Cycling)
407.728045,1069.43,OFF (Cycling)
408.065162,1069.39,OFF (Cycling)
408.401256,1069.39,OFF (Cycling)
408.738313,1069.36,OFF (Cycling)
409.075429,1069.47,OFF (Cycling)
409.412519,1069.68,OFF (Cycling)
409.749612,1069.69,OFF (Cycling)
410.085668,1069.73,OFF (Cycling)
410.422785,1069.79,OFF (Cycling)
410.759844,1069.80,OFF (Cycling)
411.096932,1069.85,OFF (Cycling)
411.43402,1069.83,OFF (Cycling)
411.771108,1069.91,OFF (Cycling)
412.108196,1069.95,OFF (Cycling)
412.445284,1069.99,OFF (Cycling)
412.782372,1070.05,OFF (Cycling)
413.119493,1070.12,OFF (Cycling)
413.455552,1070.29,OFF (Cycling)
413.792639,1070.39,OFF (Cycling)
414.129727,1070.52,OFF (Cycling)
414.466815,1070.47,OFF (Cycling)
414.803904,1070.57,OFF (Cycling)
415.140992,1070.63,OFF (Cycling)
415.47808,1070.61,OFF (Cycling)
415.815169,1070.65,OFF (Cycling)
416.152256,1070.68,OFF (Cycling)
416.489344,1070.68,OFF (Cycling)
416.826432,1070.60,OFF (Cycling)
417.163521,1070.59,OFF (Cycling)
417.499611,1070.67,OFF (Cycling)
417.836699,1070.76,OFF (Cycling)
418.173787,1070.84,OFF (Cycling)
418.510875,1070.90,OFF (Cycling)
418.847964,1070.95,OFF (Cycling)
419.185052,1070.97,OFF (Cycling)
419.52214,1070.99,OFF (Cycling)
419.859228,1071.00,OFF (Cycling)
420.196316,1071.14,OFF (Cycling)
420.532437,1071.29,OFF (Cycling)
420.869495,1071.20,OFF (Cycling)
421.205615,1071.15,OFF (Cycling)
421.542674,1071.26,OFF (Cycling)
421.878765,1071.22,OFF (Cycling)
422.215853,1071.25,OFF (Cycling)
422.552941,1071.28,OFF (Cycling)
422.890029,1071.32,OFF (Cycling)
423.227117,1071.42,OFF (Cycling)
423.564236,1071.42,OFF (Cycling)
423.901318,1071.41,OFF (Cycling)
424.238381,1071.51,OFF (Cycling)
424.575499,1071.59,OFF (Cycling)
424.912558,1071.58,OFF (Cycling)
425.249646,1071.70,OFF (Cycling)
425.586733,1071.69,OFF (Cycling)
425.923821,1071.78,OFF (Cycling)
426.26091,1071.76,OFF (Cycling)
426.59703,1071.85,OFF (Cycling)
426.934089,1071.78,OFF (Cycling)
427.271208,1071.86,OFF (Cycling)
427.608265,1071.88,OFF (Cycling)
427.945382,1071.95,OFF (Cycling)
428.28247,1071.92,OFF (Cycling)
428.619555,1071.94,OFF (Cycling)
428.956648,1071.98,OFF (Cycling)
429.293705,1072.08,OFF (Cycling)
429.630794,1072.09,OFF (Cycling)
429.966884,1072.10,OFF (Cycling)
430.303972,1072.14,OFF (Cycling)
430.64109,1072.15,OFF (Cycling)
430.978179,1072.14,OFF (Cycling)
431.315237,1072.25,OFF (Cycling)
431.651327,1072.25,OFF (Cycling)
431.988416,1072.23,OFF (Cycling)
432.325504,1072.25,OFF (Cycling)
432.662592,1072.25,OFF (Cycling)
432.99968,1072.37,OFF (Cycling)
433.336768,1072.30,OFF (Cycling)
433.673856,1072.40,OFF (Cycling)
434.010944,1072.48,OFF (Cycling)
434.348063,1072.48,OFF (Cycling)
434.68515,1072.43,OFF (Cycling)
435.022209,1072.50,OFF (Cycling)
435.359297,1072.50,OFF (Cycling)
435.696416,1072.53,OFF (Cycling)
436.033504,1072.60,OFF (Cycling)
436.370561,1072.70,OFF (Cycling)
436.707649,1072.64,OFF (Cycling)
437.044737,1072.59,OFF (Cycling)
437.381825,1072.67,OFF (Cycling)
437.718914,1072.68,OFF (Cycling)
438.055004,1072.61,OFF (Cycling)
438.392092,1072.73,OFF (Cycling)
438.72918,1072.80,OFF (Cycling)
439.066268,1072.81,OFF (Cycling)
439.403393,1072.83,OFF (Cycling)
439.740445,1072.96,OFF (Cycling)
440.077533,1073.00,OFF (Cycling)
440.413623,1072.94,OFF (Cycling)
440.750711,1072.88,OFF (Cycling)
441.087799,1072.96,OFF (Cycling)
441.424888,1072.87,OFF (Cycling)
441.761976,1072.84,OFF (Cycling)
442.099064,1073.00,OFF (Cycling)
442.436152,1073.08,OFF (Cycling)
442.77324,1073.09,OFF (Cycling)
443.110332,1073.12,OFF (Cycling)
443.447416,1073.00,OFF (Cycling)
443.784505,1073.03,OFF (Cycling)
444.121593,1073.05,OFF (Cycling)
444.458712,1073.11,OFF (Cycling)
444.795769,1073.16,OFF (Cycling)
445.132857,1073.15,OFF (Cycling)
445.469945,1073.23,OFF (Cycling)
445.807058,1073.23,OFF (Cycling)
446.143124,1073.31,OFF (Cycling)
446.480212,1073.37,OFF (Cycling)
446.8173,1073.37,OFF (Cycling)
447.154388,1073.31,OFF (Cycling)
447.491476,1073.35,OFF (Cycling)
447.827567,1073.39,OFF (Cycling)
448.164655,1073.35,OFF (Cycling)
448.501743,1073.37,OFF (Cycling)
448.838864,1073.33,OFF (Cycling)
449.174953,1073.33,OFF (Cycling)
449.511042,1073.29,OFF (Cycling)
449.848101,1073.38,OFF (Cycling)
450.185189,1073.42,OFF (Cycling)
450.522277,1073.40,OFF (Cycling)
450.859365,1073.54,OFF (Cycling)
451.195486,1073.57,OFF (Cycling)
451.531547,1073.70,OFF (Cycling)
451.868635,1073.70,OFF (Cycling)
452.205723,1073.69,OFF (Cycling)
452.542841,1073.72,OFF (Cycling)
452.879899,1073.76,OFF (Cycling)
453.216987,1073.85,OFF (Cycling)
453.554075,1073.86,OFF (Cycling)
453.891164,1073.91,OFF (Cycling)
454.228252,1074.01,OFF (Cycling)
454.56534,1073.98,OFF (Cycling)
454.902428,1073.96,OFF (Cycling)
455.239516,1073.91,OFF (Cycling)
455.576604,1073.84,OFF (Cycling)
455.913692,1073.86,OFF (Cycling)
456.25078,1073.98,OFF (Cycling)
456.587868,1073.96,OFF (Cycling)
456.924956,1074.00,OFF (Cycling)
457.262045,1074.01,OFF (Cycling)
457.599133,1073.96,OFF (Cycling)
457.936221,1073.97,OFF (Cycling)
458.273309,1073.99,OFF (Cycling)
458.610428,1073.93,OFF (Cycling)
458.947485,1073.97,OFF (Cycling)
459.284573,1074.04,OFF (Cycling)
459.621662,1074.01,OFF (Cycling)
459.95875,1074.06,OFF (Cycling)
460.295837,1074.20,OFF (Cycling)
460.631929,1074.33,OFF (Cycling)
460.969016,1074.43,OFF (Cycling)
461.306105,1074.40,OFF (Cycling)
461.643193,1074.44,OFF (Cycling)
461.980281,1074.36,OFF (Cycling)
462.317369,1074.40,OFF (Cycling)
462.653459,1074.34,OFF (Cycling)
462.990547,1074.34,OFF (Cycling)
463.327636,1074.37,OFF (Cycling)
463.664724,1074.42,OFF (Cycling)
464.001812,1074.49,OFF (Cycling)
464.3389,1074.49,OFF (Cycling)
464.674991,1074.60,OFF (Cycling)
465.011082,1074.59,OFF (Cycling)
465.347173,1074.69,OFF (Cycling)
465.683263,1074.60,OFF (Cycling)
466.019385,1074.51,OFF (Cycling)
466.356442,1074.51,OFF (Cycling)
466.693531,1074.66,OFF (Cycling)
467.029621,1074.68,OFF (Cycling)
467.366739,1074.62,OFF (Cycling)
467.7028,1074.72,OFF (Cycling)
468.039888,1074.64,OFF (Cycling)
